N.ºamostra,Data da colheita,Zona de produção,DSP
1,05/01/2015,LAL,820
2,05/01/2015,L9,20
3,05/01/2015,VT1,20
4,05/01/2015,TAV2,220
5,05/01/2015,FUZ1,220
6,05/01/2015,OLH1,20
7,05/01/2015,OLH2,620
8,05/01/2015,L8,20
9,05/01/2015,FAR2,20
10,05/01/2015,L8,420
11,05/01/2015,RIAV1/L3,20
12,05/01/2015,RIAV2,20
13,05/01/2015,RIAV3,20
14,05/01/2015,RIAV4,20
15,05/01/2015,L3,20
16,05/01/2015,RIAV1,20
17,06/01/2015,L5,20
18,06/01/2015,LOB,20
19,06/01/2015,L6,20
20,06/01/2015,L6,220
21,06/01/2015,ESD1,20
22,06/01/2015,ESD2,20
23,06/01/2015,ESD1,20
24,06/01/2015,OLH4,220
25,06/01/2015,EMN2,20
26,06/01/2015,POR2,20
27,06/01/2015,OLH5,220
28,06/01/2015,LAG,20
29,06/01/2015,L7c,20
30,06/01/2015,L7a,20
31,06/01/2015,L7c,20
32,07/01/2015,ETJ,20
33,07/01/2015,L5,20
34,07/01/2015,L5,20
35,07/01/2015,L8,20
36,07/01/2015,OLH3,20
37,07/01/2015,FAR1,20
38,12/01/2015,LAL,20
39,12/01/2015,ETJ,20
40,12/01/2015,L9,620
41,12/01/2015,L8,20
42,12/01/2015,L8,20
43,12/01/2015,OLH2,20
44,12/01/2015,OLH3,20
45,12/01/2015,TAV2,420
46,12/01/2015,RIAV1/L3,20
47,12/01/2015,RIAV2,20
48,12/01/2015,RIAV3,20
49,12/01/2015,RIAV4,20
50,12/01/2015,RIAV1,20
51,12/01/2015,L3,20
52,13/01/2015,LOB,20
53,13/01/2015,L5,20
55,13/01/2015,ESD1,20
56,13/01/2015,L6,20
57,13/01/2015,ESD2,20
58,13/01/2015,L6,20
59,13/01/2015,ESD1,20
60,12/01/2015,OLH5,20
61,13/01/2015,FAR2,20
62,14/01/2015,ETJ,20
63,14/01/2015,L5,20
64,13/01/2015,EMN2,20
65,14/01/2015,OLH4,20
66,14/01/2015,FAR1,20
67,12/01/2015,L1,20
68,12/01/2015,L2,20
69,05/01/2015,L2,20
70,05/01/2015,L1,20
71,06/01/2015,ELM,20
72,06/01/2015,EMI,20
73,06/01/2015,EMI,20
74,16/01/2015,L5,20
75,06/01/2015,L1,20
76,13/01/2015,EMI,20
77,06/01/2015,L2,20
78,13/01/2015,EMI,20
79,13/01/2015,L1,20
80,13/01/2015,ELM,20
81,19/01/2015,LAL,20
82,19/01/2015,L6,20
83,19/01/2015,L6,20
84,19/01/2015,ESD2,20
85,19/01/2015,ESD1,20
86,19/01/2015,ESD1,20
87,19/01/2015,OLH3,20
88,19/01/2015,OLH1,20
89,19/01/2015,OLH5,20
90,19/01/2015,OLH2,20
91,19/01/2015,FAR2,20
92,19/01/2015,L9,20
93,19/01/2015,FUZ1,220
94,19/01/2015,TAV2,20
95,19/01/2015,VT1,20
96,19/01/2015,RIAV1,20
97,19/01/2015,RIAV1/L3,20
98,19/01/2015,RIAV2,20
99,19/01/2015,RIAV3,20
100,19/01/2015,RIAV4,20
101,19/01/2015,L3,420
102,20/01/2015,ETJ,20
103,20/01/2015,L5,20
104,20/01/2015,LOB,20
105,20/01/2015,L8,220
106,20/01/2015,OLH4,20
107,20/01/2015,FAR1,20
108,20/01/2015,L8,20
109,20/01/2015,EMN2,20
110,21/01/2015,L5,20
111,21/01/2015,ETJ,20
112,21/01/2015,L5,20
113,21/01/2015,L7c,20
114,21/01/2015,POR2,20
115,21/01/2015,LAG,20
116,21/01/2015,L7a,20
117,21/01/2015,L7c,20
118,21/01/2015,EMI,20
119,21/01/2015,EMI,20
120,21/01/2015,ELM,20
121,21/01/2015,L1,20
122,20/01/2015,L1,20
123,20/01/2015,L2,20
124,26/01/2015,ETJ,20
125,26/01/2015,ESD1,20
126,26/01/2015,ESD2,20
127,26/01/2015,ESD1,20
128,26/01/2015,L6,20
129,26/01/2015,L8,20
130,26/01/2015,L8,20
131,26/01/2015,L8,20
132,27/01/2015,LAL,820
133,27/01/2015,LOB,20
134,27/01/2015,EMR,20
135,27/01/2015,L5,20
136,27/01/2015,L7c,20
137,27/01/2015,LAG,20
138,27/01/2015,L7c,20
139,27/01/2015,L7a,20
140,27/01/2015,POR2,220
141,27/01/2015,EMN2,20
142,26/01/2015,RIAV1/L3,20
143,26/01/2015,RIAV2,20
144,26/01/2015,RIAV3,20
145,26/01/2015,RIAV4,20
146,26/01/2015,RIAV1,20
147,26/01/2015,L3,20
148,28/01/2015,L5,20
149,28/01/2015,ETJ,220
150,27/01/2015,OLH5,20
151,28/01/2015,OLH3,20
152,28/01/2015,OLH2,20
153,28/01/2015,OLH1,20
154,28/01/2015,FUZ1,20
155,28/01/2015,TAV2,20
156,28/01/2015,VT1,20
157,28/01/2015,L9,220
158,28/01/2015,FAR1,20
159,28/01/2015,OLH4,20
160,28/01/2015,FAR2,20
161,28/01/2015,L1,20
162,28/01/2015,L2,20
163,28/01/2015,L2,20
164,27/01/2015,L1,20
165,27/01/2015,EMI,20
166,27/01/2015,EMI,20
167,27/01/2015,ELM,20
168,29/01/2015,L5,20
169,02/02/2015,LAL,22020
170,02/02/2015,L9,20
171,02/02/2015,VT1,20
172,02/02/2015,OLH5,20
173,02/02/2015,TAV2,20
174,02/02/2015,FUZ1,20
175,02/02/2015,OLH1,20
176,02/02/2015,OLH2,20
177,02/02/2015,OLH3,20
178,02/02/2015,L8,20
179,02/02/2015,RIAV1/L3,20
180,02/02/2015,RIAV2,20
181,02/02/2015,RIAV3,20
182,02/02/2015,RIAV4,20
183,02/02/2015,RIAV1,20
184,02/02/2015,L3,20
185,03/02/2015,L5,20
186,03/02/2015,LOB,20
187,03/02/2015,ETJ,20
188,03/02/2015,L6,20
189,03/02/2015,L6,20
190,03/02/2015,ESD1,20
191,03/02/2015,ESD2,20
192,03/02/2015,ESD1,20
193,03/02/2015,L7c,20
194,02/02/2015,OLH4,20
196,03/02/2015,LAG,20
197,03/02/2015,L7c,20
198,03/02/2015,L7a,20
199,03/02/2015,L8,20
200,03/02/2015,EMN2,20
201,04/02/2015,L5,20
202,04/02/2015,L5,20
203,04/02/2015,ETJ,20
204,04/02/2015,FAR1,20
205,04/02/2015,L8,20
206,04/02/2015,FAR2,20
207,03/02/2015,L1,20
208,04/02/2015,EMI,20
209,04/02/2015,EMI,20
210,04/02/2015,ELM,20
211,04/02/2015,L1,20
212,03/02/2015,L2,20
213,09/02/2015,LAL,20
214,09/02/2015,L5,20
215,09/02/2015,L5,20
216,09/02/2015,ETJ,20
217,09/02/2015,VT1,20
218,09/02/2015,OLH1,20
219,09/02/2015,OLH2,20
220,09/02/2015,L9,20
221,09/02/2015,OLH4,20
222,09/02/2015,OLH3,20
223,09/02/2015,OLH5,20
224,09/02/2015,FUZ1,20
225,09/02/2015,TAV2,20
226,09/02/2015,L8,20
227,10/02/2015,LOB,20
228,10/02/2015,L5,20
229,10/02/2015,L6,20
230,10/02/2015,ESD1,20
231,10/02/2015,L6,20
232,10/02/2015,ESD2,20
233,10/02/2015,ESD1,20
234,10/02/2015,EMN2,20
235,09/02/2015,RIAV1/L3,20
236,09/02/2015,RIAV2,20
237,09/02/2015,RIAV3,20
238,09/02/2015,RIAV4,20
239,09/02/2015,RIAV1,20
240,09/02/2015,L3,20
241,10/02/2015,FAR1,20
242,09/02/2015,FAR2,20
243,10/02/2015,POR2,20
244,10/02/2015,LAG,20
245,10/02/2015,L7a,20
246,10/02/2015,L7c,20
247,09/02/2015,L2,20
248,09/02/2015,L1,20
249,10/02/2015,EMI,20
250,10/02/2015,EMI,20
251,10/02/2015,ELM,20
252,10/02/2015,L2,20
253,10/02/2015,L1,20
254,11/02/2015,RIAV1/L3,20
255,11/02/2015,L3,20
256,11/02/2015,RIAV4,20
257,11/02/2015,EMN2,20
258,16/02/2015,L8,20
259,16/02/2015,L8,12020
260,16/02/2015,L9,20
261,16/02/2015,VT1,20
262,16/02/2015,TAV2,20
263,16/02/2015,OLH2,20
264,16/02/2015,OLH1,20
265,16/02/2015,OLH3,20
266,16/02/2015,L5,20
267,17/02/2015,LOB,20
268,16/02/2015,RIAV1/L3,20
269,16/02/2015,RIAV2,20
270,16/02/2015,RIAV3,20
271,16/02/2015,RIAV4,20
272,16/02/2015,RIAV1,20
273,16/02/2015,L3,20
274,17/02/2015,ESD1,20
275,17/02/2015,ESD1,20
276,17/02/2015,L6,20
277,17/02/2015,ESD2,20
278,17/02/2015,L6,20
279,17/02/2015,EMN2,20
280,17/02/2015,LAG,20
281,17/02/2015,L7c,20
282,16/02/2015,OLH4,20
283,17/02/2015,POR2,20
284,17/02/2015,L7a,20
285,16/02/2015,FUZ1,20
287,18/02/2015,L5,20
288,18/02/2015,L1,20
289,18/02/2015,L2,220
290,17/02/2015,L2,20
291,18/02/2015,L1,20
292,18/02/2015,ELM,20
293,16/02/2015,EMI,20
294,16/02/2015,EMI,20
295,18/02/2015,L8,20
296,18/02/2015,FAR2,20
297,18/02/2015,FAR1,20
298,18/02/2015,OLH5,20
299,19/02/2015,L5,20
300,19/02/2015,ETJ,20
301,19/02/2015,ETJ,20
302,23/02/2015,ETJ,20
303,23/02/2015,EMR,20
304,23/02/2015,L8,20
305,23/02/2015,L9,220
306,23/02/2015,VT1,20
307,23/02/2015,TAV2,20
308,23/02/2015,FUZ1,20
309,23/02/2015,OLH1,20
310,23/02/2015,OLH2,20
311,23/02/2015,L8,20
312,23/02/2015,FAR2,20
313,24/02/2015,LOB,20
314,23/02/2015,RIAV1/L3,20
315,23/02/2015,RIAV2,20
316,23/02/2015,RIAV3,20
317,23/02/2015,RIAV4,20
318,23/02/2015,L3,20
319,23/02/2015,RIAV1,20
320,23/02/2015,L1,20
321,23/02/2015,L2,20
322,24/02/2015,L1,20
323,23/02/2015,ELM,20
324,24/02/2015,EMI,20
325,24/02/2015,EMI,20
326,24/02/2015,L6,20
327,24/02/2015,ESD1,20
328,24/02/2015,ESD2,20
329,24/02/2015,ESD1,20
330,24/02/2015,L6,20
333,24/02/2015,FAR1,20
378,24/02/2015,L7c,20
379,25/02/2015,OLH5,20
380,24/02/2015,L8,20
381,25/02/2015,OLH4,20
382,26/02/2015,L5,20
383,26/02/2015,ETJ,20
384,27/02/2015,L5,20
385,02/03/2015,LAL,20
386,02/03/2015,L8,20
387,02/03/2015,VT1,20
388,02/03/2015,TAV2,20
389,02/03/2015,OLH2,20
390,02/03/2015,L9,20
391,02/03/2015,FUZ1,20
392,02/03/2015,OLH1,20
393,02/03/2015,OLH3,20
394,03/03/2015,L5,20
395,03/03/2015,LOB,20
396,02/03/2015,RIAV1,20
397,02/03/2015,L3,20
398,02/03/2015,RIAV4,20
399,02/03/2015,RIAV2,20
400,02/03/2015,RIAV1/L3,20
401,02/03/2015,RIAV3,20
402,03/03/2015,L6,20
403,03/03/2015,L6,20
404,03/03/2015,ESD1,20
405,03/03/2015,ESD1,20
406,03/03/2015,ESD2,20
407,03/03/2015,L7a,20
408,03/03/2015,L7c,20
409,03/03/2015,LAG,20
410,03/03/2015,POR2,20
411,03/03/2015,L7c,20
412,03/03/2015,OLH5,20
413,03/03/2015,L8,420
414,03/03/2015,EMN2,20
415,04/03/2015,L5,20
416,04/03/2015,OLH4,220
417,04/03/2015,FAR1,20
418,04/03/2015,L8,20
419,04/03/2015,EMI,20
420,04/03/2015,ELM,20
421,03/03/2015,L1,20
422,04/03/2015,L1,20
423,04/03/2015,EMI,20
424,03/03/2015,L2,20
425,05/03/2015,L2,20
426,06/03/2015,ETJ,20
427,06/03/2015,L5,20
428,09/03/2015,LAL,20
429,09/03/2015,ETJ,20
430,09/03/2015,L5,20
431,09/03/2015,EMR,20
432,09/03/2015,EMR,20
433,09/03/2015,FAR1,20
434,09/03/2015,L8,12020
435,09/03/2015,OLH5,20
436,09/03/2015,RIAV1/L3,20
437,09/03/2015,RIAV2,20
438,09/03/2015,RIAV3,20
439,09/03/2015,RIAV4,20
440,09/03/2015,RIAV1,20
441,09/03/2015,L3,20
442,10/03/2015,LOB,20
443,10/03/2015,L5,20
444,10/03/2015,L6,20
445,10/03/2015,L6,20
446,10/03/2015,ESD1,20
447,10/03/2015,ESD1,20
448,10/03/2015,ESD2,20
449,10/03/2015,L7c,20
450,10/03/2015,L8,20
451,10/03/2015,L7a,20
452,10/03/2015,L7c,20
453,10/03/2015,POR2,20
454,09/03/2015,L9,20
455,10/03/2015,LAG,20
456,09/03/2015,OLH1,20
457,09/03/2015,OLH2,20
458,09/03/2015,VT1,20
459,09/03/2015,TAV2,20
460,09/03/2015,FUZ1,20
461,09/03/2015,OLH3,20
462,10/03/2015,EMN2,20
463,09/03/2015,L2,20
464,09/03/2015,L1,20
465,10/03/2015,L1,20
466,10/03/2015,ELM,20
469,11/03/2015,L5,20
470,11/03/2015,ETJ,20
471,11/03/2015,FAR2,20
472,11/03/2015,OLH4,20
473,11/03/2015,L8,20
474,11/03/2015,L2,20
475,16/03/2015,LAL,20
476,16/03/2015,FUZ1,220
477,16/03/2015,FAR2,20
478,16/03/2015,L9,220
479,16/03/2015,TAV2,20
480,16/03/2015,L8,220
481,16/03/2015,VT1,20
482,16/03/2015,OLH2,20
483,16/03/2015,OLH1,20
484,16/03/2015,OLH3,20
485,16/03/2015,OLH5,20
486,17/03/2015,L5,20
487,17/03/2015,LOB,9220
488,16/03/2015,RIAV1/L3,20
489,16/03/2015,RIAV2,20
490,16/03/2015,RIAV3,20
491,16/03/2015,RIAV4,20
492,16/03/2015,L3,20
493,16/03/2015,RIAV1,20
494,16/03/2015,L1,20
495,16/03/2015,EMI,20
496,16/03/2015,EMI,20
497,16/03/2015,ELM,20
498,17/03/2015,ETJ,20
499,17/03/2015,L6,20
500,17/03/2015,L6,20
501,17/03/2015,ESD2,20
502,17/03/2015,ESD1,20
503,17/03/2015,ESD1,20
504,17/03/2015,POR2,420
505,17/03/2015,LAG,20
506,17/03/2015,L7a,20
507,17/03/2015,L7c,20
508,17/03/2015,L8,20
509,17/03/2015,L7c,20
510,18/03/2015,L5,20
511,17/03/2015,EMN2,20
512,18/03/2015,OLH4,20
513,18/03/2015,FAR1,20
514,18/03/2015,L3,20
515,18/03/2015,L2,20
516,17/03/2015,L1,20
517,17/03/2015,L2,20
518,20/03/2015,ETJ,20
519,20/03/2015,L5,20
520,23/03/2015,LAL,20
521,23/03/2015,L5,20
522,23/03/2015,ETJ,20
523,23/03/2015,TAV2,420
524,23/03/2015,VT1,20
525,23/03/2015,L8,12620
526,23/03/2015,L8,620
527,23/03/2015,L9,220
528,23/03/2015,FUZ1,3220
529,23/03/2015,OLH1,20
530,23/03/2015,L8,820
531,23/03/2015,FAR2,1220
532,23/03/2015,RIAV1/L3,20
533,23/03/2015,RIAV2,20
534,23/03/2015,RIAV3,20
535,23/03/2015,RIAV4,20
536,23/03/2015,L3,20
537,23/03/2015,RIAV1,20
538,24/03/2015,L5,20
539,24/03/2015,LOB,20
540,24/03/2015,EMR,220
541,24/03/2015,L6,20
542,24/03/2015,ESD2,20
543,24/03/2015,ESD1,20
544,24/03/2015,ESD1,20
545,24/03/2015,L6,20
546,24/03/2015,POR2,20
547,23/03/2015,OLH4,20
548,24/03/2015,L7c,20
549,24/03/2015,LAG,20
550,24/03/2015,L7a,220
551,24/03/2015,L7c,4420
552,24/03/2015,OLH5,220
553,24/03/2015,EMN2,20
554,24/03/2015,EMI,20
555,24/03/2015,EMI,20
556,24/03/2015,ELM,20
557,24/03/2015,L1,20
558,23/03/2015,L1,20
559,23/03/2015,L2,20
560,25/03/2015,ETJ,20
561,25/03/2015,L5,20
562,25/03/2015,OLH2,20
563,25/03/2015,OLH3,20
564,25/03/2015,FAR1,20
565,30/03/2015,ETJ,20
566,30/03/2015,LAL,20
567,30/03/2015,L9,20
568,30/03/2015,VT1,20
569,30/03/2015,TAV2,20
570,30/03/2015,FUZ1,420
571,30/03/2015,OLH2,20
572,30/03/2015,OLH3,1220
573,30/03/2015,EMN2,20
574,30/03/2015,L2,20
575,30/03/2015,L1,20
576,30/03/2015,L1,20
577,30/03/2015,ELM,620
578,30/03/2015,L5,20
579,31/03/2015,ETJ,20
580,31/03/2015,FAR2,20
581,30/03/2015,OLH4,20
582,30/03/2015,L8,20
583,30/03/2015,L2,20
584,30/03/2015,LAL,20
585,30/03/2015,FUZ1,20
586,30/03/2015,FAR2,20
587,31/03/2015,L9,20
588,31/03/2015,TAV2,20
589,31/03/2015,L8,20
590,31/03/2015,VT1,420
591,31/03/2015,OLH2,20
592,31/03/2015,OLH1,20
593,31/03/2015,OLH3,20
594,31/03/2015,OLH5,20
595,31/03/2015,L5,20
596,31/03/2015,LOB,20
597,31/03/2015,RIAV1/L3,20
598,31/03/2015,RIAV2,20
599,31/03/2015,RIAV3,20
600,30/03/2015,RIAV4,20
601,30/03/2015,L3,20
602,30/03/2015,RIAV1,20
603,31/03/2015,L1,20
604,31/03/2015,EMI,20
605,31/03/2015,EMI,20
606,31/03/2015,ELM,20
607,01/04/2015,L5,20
608,02/04/2015,L5,20
609,02/04/2015,ETJ,220
610,06/04/2015,L5,220
611,06/04/2015,LAL,20
612,06/04/2015,EMR,20
613,06/04/2015,L8,420
614,06/04/2015,L9,20
615,06/04/2015,VT1,20
616,06/04/2015,TAV2,11820
617,06/04/2015,FUZ1,9620
618,06/04/2015,OLH5,420
619,06/04/2015,L8,18220
620,06/04/2015,FAR2,420
621,07/04/2015,L5,20
622,07/04/2015,LOB,20
623,06/04/2015,L3,220
624,06/04/2015,RIAV1,20
625,06/04/2015,RIAV2,420
626,06/04/2015,RIAV3,20
627,06/04/2015,RIAV1/L3,20
628,06/04/2015,RIAV4,20
629,07/04/2015,L6,20
630,07/04/2015,ESD1,20
631,07/04/2015,ESD2,20
632,07/04/2015,L6,20
633,07/04/2015,ESD1,20
634,07/04/2015,L7a,20
635,07/04/2015,L7c,42020
636,07/04/2015,POR2,20
637,07/04/2015,L7c,9820
638,07/04/2015,LAG,1620
639,06/04/2015,L1,20
640,06/04/2015,L2,20
641,07/04/2015,ELM,20
642,07/04/2015,L1,20
643,07/04/2015,EMI,20
644,07/04/2015,EMI,20
645,07/04/2015,EMN2,20
646,08/04/2015,L5,220
647,08/04/2015,ETJ,220
648,08/04/2015,L2,20
649,08/04/2015,OLH1,20
650,08/04/2015,OLH2,5820
651,08/04/2015,OLH3,620
652,07/04/2015,OLH4,220
653,08/04/2015,FAR1,620
654,13/04/2015,LAL,20
655,13/04/2015,L8,12820
656,13/04/2015,L8,72020
657,13/04/2015,OLH3,20
658,13/04/2015,OLH2,1220
659,13/04/2015,OLH1,20
660,13/04/2015,FUZ1,1820
661,13/04/2015,TAV2,7420
662,13/04/2015,VT1,220
663,13/04/2015,L9,220
664,13/04/2015,RIAV1/L3,420
665,13/04/2015,RIAV2,820
666,13/04/2015,RIAV3,420
667,13/04/2015,RIAV4,20
668,13/04/2015,L3,20
669,13/04/2015,RIAV1,820
670,14/04/2015,L5,220
671,14/04/2015,LOB,420
672,14/04/2015,L6,20
673,14/04/2015,L6,20
674,14/04/2015,ESD1,220
675,14/04/2015,ESD1,20
676,14/04/2015,ESD2,20
677,14/04/2015,L2,20
678,14/04/2015,L1,20
679,13/04/2015,L1,220
680,13/04/2015,EMI,20
681,13/04/2015,EMI,420
682,13/04/2015,ELM,20
683,13/04/2015,OLH5,1420
684,14/04/2015,L7c,29620
685,14/04/2015,POR2,22020
686,14/04/2015,LAG1,1620
687,14/04/2015,L7a,820
688,14/04/2015,EMN2,20
689,14/04/2015,L7c,1220
690,15/04/2015,L5,20
691,15/04/2015,ETJ,20
692,15/04/2015,OLH4,220
693,15/04/2015,FAR1,20
695,15/04/2015,FAR2,20
696,17/04/2015,L5,20
697,17/04/2015,ETJ,20
698,16/04/2015,L3,420
699,20/04/2015,LAL,420
700,20/04/2015,L5,20
701,20/04/2015,OLH1,20
702,20/04/2015,OLH2,20
703,20/04/2015,OLH4,20
704,20/04/2015,OLH5,20
705,20/04/2015,L8,20
706,20/04/2015,L8,20
707,20/04/2015,L9,420
708,20/04/2015,FUZ1,620
709,20/04/2015,VT1,20
710,20/04/2015,TAV2,6252
711,20/04/2015,RIAV1/L3,2220
712,20/04/2015,RIAV2,2820
713,20/04/2015,RIAV3,220
714,20/04/2015,RIAV4,420
715,20/04/2015,L3,62020
716,20/04/2015,RIAV1,420
717,21/04/2015,L5,20
718,21/04/2015,LOB,20
719,21/04/2015,L6,1202020
720,21/04/2015,ESD2,20
721,21/04/2015,ESD1,20
722,21/04/2015,ESD1,420
723,21/04/2015,L6,220
724,21/04/2015,L1,620
725,21/04/2015,L2,20
726,21/04/2015,EMI,23220
727,21/04/2015,EMI,1202020
728,21/04/2015,ELM,58420
729,21/04/2015,L1,1620
730,20/04/2015,L2,1620
731,20/04/2015,L1,3420
732,21/04/2015,L7c,12020
733,21/04/2015,L7a,20
734,21/04/2015,L7c,3420
735,21/04/2015,LAG,20
736,21/04/2015,POR2,220
737,21/04/2015,EMN2,20
738,20/04/2015,L8,1202020
739,21/04/2015,ETJ,20
740,22/04/2015,ETJ,20
741,22/04/2015,L5,20
742,22/04/2015,EMR,20
743,22/04/2015,OLH3,220
744,22/04/2015,FAR2,420
745,22/04/2015,FAR1,220
746,27/04/2015,LAL,20
747,27/04/2015,ETJ,20
748,27/04/2015,L5,1820
749,27/04/2015,ETJ,20
750,27/04/2015,FAR1,220
751,27/04/2015,L8,20
752,27/04/2015,OLH3,20
753,27/04/2015,L8,820
754,23/04/2015,L3,20
755,27/04/2015,L2,420
756,27/04/2015,L1,420
757,27/04/2015,L1,20
758,28/04/2015,LOB,20
759,28/04/2015,L5,220
760,27/04/2015,RIAV1,20
761,27/04/2015,RIAV2,20
762,27/04/2015,RIAV3,20
763,27/04/2015,RIAV4,20
764,27/04/2015,EMN2,20
765,28/04/2015,ESD2,20
766,28/04/2015,ESD1,20
767,28/04/2015,ESD1,20
768,28/04/2015,L6,62020
769,28/04/2015,L6,820
770,28/04/2015,POR2,220
771,28/04/2015,L7a,20
772,28/04/2015,LAG1,20
773,28/04/2015,L7c,420
774,28/04/2015,L7c,420
775,28/04/2015,ELM,1220
776,28/04/2015,EMI,420
777,28/04/2015,EMI,20
778,28/04/2015,L1,20
779,28/04/2015,RIAV1,420
780,28/04/2015,L3,420
781,29/04/2015,L5,620
782,28/04/2015,OLH4,20
783,29/04/2015,L9,20
784,29/04/2015,OLH1,20
785,29/04/2015,OLH2,12020
786,28/04/2015,OLH5,4620
787,29/04/2015,VT1,20
788,29/04/2015,TAV2,20
789,29/04/2015,FUZ1,620
790,29/04/2015,FAR2,20
791,28/04/2015,L8,20
792,04/05/2015,LAL,20
793,04/05/2015,L1,20
794,04/05/2015,L2,220
795,04/05/2015,FUZ1,1820
796,04/05/2015,TAV2,820
797,04/05/2015,VT1,220
798,04/05/2015,L9,220
799,04/05/2015,L8,1620
800,04/05/2015,OLH4,20
801,05/05/2015,L6,20
802,04/05/2015,RIAV1/L3,220
803,04/05/2015,RIAV2,20
804,04/05/2015,RIAV3,1620
805,04/05/2015,RIAV4,820
806,04/05/2015,L3,2420
807,05/05/2015,L6,20
808,05/05/2015,L6,620
809,05/05/2015,ESD1,420
810,05/05/2015,ESD1,20
811,05/05/2015,ESD2,20
812,05/05/2015,L7c,20
813,05/05/2015,L7c,420
814,05/05/2015,L7a,20
815,05/05/2015,POR2,20
816,05/05/2015,LAG,20
817,05/05/2015,L1,220
818,05/05/2015,ELM,1220
819,05/05/2015,EMI,420
820,05/05/2015,EMI,20
821,05/05/2015,EMN2,420
822,05/05/2015,RIAV1,2820
823,06/05/2015,LOB,20
824,06/05/2015,L5,20
825,06/05/2015,L5,22020
826,06/05/2015,ETJ,20
827,06/05/2015,L5,1220
828,06/05/2015,L3,20
829,06/05/2015,L2,20
830,05/05/2015,L1,20
831,06/05/2015,FAR1,12020
832,06/05/2015,FAR2,420
833,06/05/2015,OLH3,20
834,06/05/2015,L8,20
835,06/05/2015,OLH1,20
836,06/05/2015,OLH2,820
837,06/05/2015,L8,1220
838,05/05/2015,OLH5,220
839,11/05/2015,L5,82020
840,11/05/2015,ETJ,220
842,11/05/2015,OLH3,20
843,11/05/2015,OLH2,20
844,11/05/2015,OLH1,20
845,11/05/2015,FUZ1,1420
846,11/05/2015,L8,52020
847,11/05/2015,TAV2,3220
848,11/05/2015,VT1,220
849,11/05/2015,L9,1620
850,11/05/2015,OLH5,220
851,11/05/2015,RIAV1/L3,620
852,11/05/2015,RIAV2,13620
853,11/05/2015,RIAV3,18420
854,11/05/2015,RIAV4,420
855,11/05/2015,L3,20
856,11/05/2015,RIAV1,8220
857,12/05/2015,L5,820
858,12/05/2015,LOB,20
859,12/05/2015,L6,220
860,12/05/2015,ESD1,20
861,12/05/2015,ESD1,20
862,12/05/2015,L6,20
863,12/05/2015,L2,332020
864,12/05/2015,L1,20
865,12/05/2015,EMI,20
866,12/05/2015,EMI,20
867,11/05/2015,ELM,20
868,11/05/2015,L1,20
869,11/05/2015,L2,20
870,13/05/2015,L5,4620
871,12/05/2015,L1,20
872,13/05/2015,FAR2,220
873,13/05/2015,OLH4,20
874,13/05/2015,L7a,220
875,13/05/2015,L7c,2420
876,13/05/2015,LAG,620
877,13/05/2015,POR2,420
878,12/05/2015,FAR1,20
879,13/05/2015,EMN2,20
880,18/05/2015,LAL,420
881,18/05/2015,ETJ,620
882,18/05/2015,L5,620
883,18/05/2015,TAV2,3220
884,18/05/2015,VT1,220
887,19/05/2015,L8,32020
888,18/05/2015,OLH5,420
889,18/05/2015,L9,620
890,18/05/2015,RIAV4,20
891,18/05/2015,L3,20
892,18/05/2015,RIAV1/L3,420
893,18/05/2015,RIAV2,820
894,18/05/2015,RIAV3,20
895,18/05/2015,RIAV3,20
896,18/05/2015,ETJ,‐
897,19/05/2015,L5,20
898,19/05/2015,LOB,20
899,19/05/2015,L1,20
900,19/05/2015,EMI,20
901,19/05/2015,L6,20
902,19/05/2015,ESD1,20
903,19/05/2015,ESD1,20
904,19/05/2015,ESD2,20
905,19/05/2015,L6,20
906,18/05/2015,L1,20
907,18/05/2015,L2,20
908,19/05/2015,L7c,22020
909,18/05/2015,L8,1420
910,19/05/2015,LAG,220
911,19/05/2015,L7a,220
912,19/05/2015,POR2,20
913,18/05/2015,L7c,20
914,18/05/2015,RIAV1,20
915,19/05/2015,EMN2,20
916,20/05/2015,OLH3,620
917,20/05/2015,FAR1,20
918,20/05/2015,FAR2,20
919,20/05/2015,L8,420
920,20/05/2015,OLH1,20
921,19/05/2015,OLH4,20
922,20/05/2015,OLH2,20
923,20/05/2015,ELM,20
924,20/05/2015,EMR,20
925,21/05/2015,L5,20
926,21/05/2015,L1,20
927,25/05/2015,LAL,420
928,25/05/2015,ETJ,20
929,25/05/2015,L5,20
930,25/05/2015,FUZ1,220
931,25/05/2015,L8,820
932,25/05/2015,TAV2,20
933,25/05/2015,OLH2,620
934,25/05/2015,OLH3,20
935,25/05/2015,OLH4,20
936,25/05/2015,OLH5,20
937,25/05/2015,L8,12020
938,25/05/2015,L9,420
939,25/05/2015,VT1,20
940,25/05/2015,OLH1,20
941,25/05/2015,RIAV1,20
942,25/05/2015,RIAV1/L3,20
943,25/05/2015,RIAV2,20
944,25/05/2015,RIAV3,20
945,25/05/2015,RIAV4,20
946,25/05/2015,L3,20
947,26/05/2015,L5,20
948,26/05/2015,LOB,20
949,26/05/2015,ESD1,20
950,26/05/2015,ESD1,20
951,26/05/2015,L6,20
952,26/05/2015,L6,220
953,26/05/2015,LAG,20
954,26/05/2015,POR2,220
955,26/05/2015,L7c,1420
956,26/05/2015,L7a,1220
957,26/05/2015,L1,20
958,26/05/2015,EMI,420
959,26/05/2015,EMI,20
960,26/05/2015,ELM,20
961,25/05/2015,L1,20
962,25/05/2015,L2,20
963,27/05/2015,L5,20
964,26/05/2015,EMN2,20
965,26/05/2015,L7c,620
966,27/05/2015,L2,1420
967,27/05/2015,FAR2,20
968,27/05/2015,L8,9820
969,27/05/2015,FAR1,220
970,01/06/2015,LAL,820
971,02/06/2015,TAV2,420
972,01/06/2015,VT1,20
973,01/06/2015,L9,2420
974,01/06/2015,OLH5,620
975,01/06/2015,FUZ1,1220
976,01/06/2015,L8,420
977,01/06/2015,RIAV1/L3,1420
978,01/06/2015,RIAV2,820
979,01/06/2015,RIAV4,20
980,01/06/2015,RIAV1,20
981,01/06/2015,RIAV3,20
982,01/06/2015,L3,1820
983,02/06/2015,L5,20
984,02/06/2015,LOB,220
985,02/06/2015,ESD1,20
986,02/06/2015,L6,5620
987,02/06/2015,L6,20
988,02/06/2015,ESD2,20
989,02/06/2015,ESD1,20
990,02/06/2015,L7a,20
991,02/06/2015,L7c,20
992,02/06/2015,POR2,620
993,02/06/2015,LAG,1220
994,02/06/2015,L7c,20
995,02/06/2015,L1,20
996,02/06/2015,ELM,20
997,02/06/2015,EMI,420
998,02/06/2015,EMI,20
999,01/06/2015,L2,20
1000,01/06/2015,L1,20
1001,02/06/2015,RIAV3,20
1002,02/06/2015,EMN2,20
1003,03/06/2015,ETJ,220
1004,03/06/2015,L5,420
1005,03/06/2015,L5,12020
1006,03/06/2015,L2,220
1007,03/06/2015,L1,20
1008,02/06/2015,OLH4,20
1009,03/06/2015,L8,220
1010,03/06/2015,OLH1,220
1011,03/06/2015,OLH2,20
1012,03/06/2015,OLH3,220
1013,03/06/2015,FAR2,20
1014,03/06/2015,FAR1,20
1015,04/06/2015,EMR,1620
1016,08/06/2015,LAL,4420
1017,08/06/2015,ETJ,620
1018,08/06/2015,L5,1220
1019,08/06/2015,TAV2,132020
1020,08/06/2015,FAR1,20
1021,08/06/2015,OLH5,20
1022,08/06/2015,L8,20
1023,08/06/2015,L9,620
1024,08/06/2015,VT1,620
1025,08/06/2015,L8,20
1026,08/06/2015,FAR2,20
1027,08/06/2015,L1,20
1028,08/06/2015,L1,220
1029,08/06/2015,ELM,20
1030,08/06/2015,L2,220
1031,08/06/2015,RIAV1/L3,20
1032,08/06/2015,RIAV2,20
1033,08/06/2015,RIAV3,20
1034,08/06/2015,RIAV4,20
1035,08/06/2015,L3,20
1036,08/06/2015,RIAV1,20
1037,09/06/2015,L5,20
1038,09/06/2015,LOB,20
1039,08/06/2015,L6,420
1040,08/06/2015,ESD1,20
1041,08/06/2015,L6,420
1042,08/06/2015,ESD2,20
1043,08/06/2015,ESD1,620
1044,11/06/2015,L5,7220
1045,09/06/2015,EMN2,20
1046,09/06/2015,L8,9620
1047,11/06/2015,L7c,20
1048,11/06/2015,L7a,20
1049,11/06/2015,LAG,20
1050,11/06/2015,POR2,12020
1051,09/06/2015,FUZ1,2820
1052,08/06/2015,OLH4,20
1053,09/06/2015,OLH1,420
1054,09/06/2015,OLH2,32020
1055,09/06/2015,OLH3,20
1056,11/06/2015,L7c,620
1057,12/06/2015,L6,22020
1058,15/06/2015,LAL,19220
1059,15/06/2015,L8,20
1060,15/06/2015,FUZ1,220
1061,15/06/2015,TAV2,20
1062,15/06/2015,L9,220
1063,15/06/2015,VT1,20
1064,15/06/2015,RIAV1,20
1065,15/06/2015,RIAV1/L3,2420
1066,15/06/2015,L3,20
1067,15/06/2015,RIAV4,20
1068,15/06/2015,RIAV3,20
1069,15/06/2015,RIAV2,20
1070,16/06/2015,ETJ,20
1071,16/06/2015,L5,20
1072,16/06/2015,LOB,20
1073,16/06/2015,L6,1420
1074,16/06/2015,ESD1,20
1075,16/06/2015,L6,620
1076,16/06/2015,ESD1,20
1077,16/06/2015,ESD2,20
1078,15/06/2015,L2,20
1079,15/06/2015,L1,20
1080,16/06/2015,EMI,2420
1081,16/06/2015,EMI,1220
1082,16/06/2015,ELM,1620
1083,16/06/2015,L1,20
1084,16/06/2015,EMN2,1220
1085,17/06/2015,L3,3220
1086,17/06/2015,L5,220
1087,17/06/2015,ETJ,20
1088,17/06/2015,L5,20
1089,15/06/2015,L8,620
1090,17/06/2015,POR2,179220
1091,15/06/2015,FAR2,2272
1092,17/06/2015,L7c,2638
1093,17/06/2015,L7a,72620
1094,17/06/2015,L7c,5764
1095,17/06/2015,LAG,20
1097,18/06/2015,FAR1,20
1098,17/06/2015,OLH4,920376
1100,17/06/2015,OLH5,6821
1101,18/06/2015,OLH2,37597
1102,18/06/2015,OLH1,51336
1103,17/06/2015,L8,220
1104,22/06/2015,LAL,20
1105,22/06/2015,L8,220
1106,22/06/2015,L8,20
1107,22/06/2015,OLH5,21420
1108,22/06/2015,OLH4,92320
1109,22/06/2015,L8,120820
1110,22/06/2015,FAR2,34120
1111,22/06/2015,RIAV1/L3,220
1112,22/06/2015,RIAV2,20
1113,22/06/2015,RIAV3,1220
1114,22/06/2015,RIAV4,20
1115,22/06/2015,L3,1220
1116,22/06/2015,RIAV1,820
1117,23/06/2015,LOB,20
1118,23/06/2015,L5,220
1119,23/06/2015,ETJ,20
1120,23/06/2015,L6,220
1121,23/06/2015,ESD2,20
1122,23/06/2015,ESD1,120574
1123,23/06/2015,ESD1,20
1124,23/06/2015,L6,2274
1125,22/06/2015,L1,1220
1126,22/06/2015,L2,20
1127,23/06/2015,EMI,420
1128,23/06/2015,EMI,5220
1129,23/06/2015,ELM,420
1130,23/06/2015,L1,20
1131,23/06/2015,POR2,220
1132,23/06/2015,LAG,20
1133,23/06/2015,L7c,3620
1134,23/06/2015,L7a,5136
1135,23/06/2015,L7c,820
1136,23/06/2015,RIAV3,20
1137,23/06/2015,L3,420
1138,23/06/2015,EMN2,3220
1139,24/06/2015,FAR1,6596
1140,24/06/2015,L9,20
1141,24/06/2015,VT1,20
1142,24/06/2015,TAV2,20
1143,24/06/2015,FUZ1,2678
1144,24/06/2015,OLH1,79420
1145,24/06/2015,OLH2,71220
1146,24/06/2015,OLH3,2520120
1147,25/06/2015,L5,1220
1148,25/06/2015,ETJ,20
1149,25/06/2015,L5,20
1150,29/06/2015,LAL,420
1151,29/06/2015,ETJ,20
1152,29/06/2015,L8,420
1153,29/06/2015,TAV2,20
1154,29/06/2015,VT1,20
1155,29/06/2015,FUZ1,220
1156,29/06/2015,L8,220
1157,29/06/2015,L9,20
1158,29/06/2015,RIAV1/L3,420
1159,29/06/2015,RIAV2,820
1160,29/06/2015,RIAV3,20
1161,29/06/2015,RIAV4,20
1162,29/06/2015,L3,420
1163,29/06/2015,RIAV1,20
1164,30/06/2015,LOB,20
1165,30/06/2015,L5,5784
1166,30/06/2015,L6,20
1167,30/06/2015,L6,12020
1168,30/06/2015,ESD2,20
1169,30/06/2015,ESD1,20
1170,30/06/2015,ESD1,20
1171,30/06/2015,EMN2,420
1172,30/06/2015,L7a,3978
1173,30/06/2015,L7c,1620
1174,30/06/2015,L7c,20
1175,30/06/2015,POR2,589320
1176,30/06/2015,LAG,5684
1179,30/06/2015,OLH5,20
1180,01/07/2015,OLH1,20
1181,01/07/2015,OLH2,20
1182,01/07/2015,FAR1,420
1183,01/07/2015,FAR2,20
1184,01/07/2015,L8,20
1185,01/07/2015,EMI,1620
1186,01/07/2015,EMI,20
1187,01/07/2015,ELM,20
1188,01/07/2015,L1,220
1189,30/06/2015,L1,20
1190,30/06/2015,L2,20
1191,02/07/2015,L3,620
1192,03/07/2015,L5,20
1193,03/07/2015,ETJ,620
1194,06/07/2015,LAL,1220
1195,06/07/2015,EMR,22020
1196,06/07/2015,L3,20
1197,06/07/2015,RIAV1,420
1198,06/07/2015,RIAV2,20
1199,06/07/2015,RIAV3,20
1200,06/07/2015,RIAV4,820
1201,06/07/2015,L3,20
1202,06/07/2015,L8,220
1203,06/07/2015,L8,20
1204,06/07/2015,L8,20
1205,06/07/2015,OLH5,20
1206,07/07/2015,L5,6420
1207,07/07/2015,LOB,20
1208,07/07/2015,L6,20
1209,07/07/2015,ESD1,20
1210,07/07/2015,ESD1,20
1211,07/07/2015,ESD2,20
1212,07/07/2015,L6,620
1213,07/07/2015,L5,1420
1214,07/07/2015,ETJ,20
1215,07/07/2015,L1,20
1216,07/07/2015,EMI,20
1217,07/07/2015,EMI,20
1218,07/07/2015,ELM,20
1219,06/07/2015,L2,20
1220,06/07/2015,L1,20
1221,07/07/2015,EMN1,420
1222,07/07/2015,EMN2,20
1223,07/07/2015,POR2,20
1224,07/07/2015,L7c,420
1225,07/07/2015,LAG,20
1226,07/07/2015,L7a,420
1227,07/07/2015,L7c,20
1228,08/07/2015,OLH3,20
1229,08/07/2015,OLH2,20
1230,08/07/2015,OLH1,20
1231,08/07/2015,TAV2,20
1232,08/07/2015,FUZ1,20
1233,08/07/2015,FAR1,20
1234,08/07/2015,L9,20
1235,08/07/2015,VT1,20
1236,09/07/2015,L5,220
1237,13/07/2015,LAL,20
1238,09/07/2015,L3,20
1239,13/07/2015,L8,20
1240,13/07/2015,OLH1,20
1241,13/07/2015,FUZ1,220
1242,13/07/2015,TAV2,420
1243,13/07/2015,L9,1220
1244,13/07/2015,VT1,20
1245,13/07/2015,L8,420
1246,13/07/2015,RIAV1/L3,620
1247,13/07/2015,RIAV2,820
1248,13/07/2015,RIAV3,420
1249,13/07/2015,RIAV4,20
1250,13/07/2015,L3,420
1251,13/07/2015,RIAV1,820
1252,13/07/2015,L7c,220
1253,14/07/2015,LOB,20
1254,13/07/2015,L1,220
1255,13/07/2015,ELM,20
1256,14/07/2015,EMI,220
1257,14/07/2015,L1,20
1258,14/07/2015,EMI,420
1259,13/07/2015,L2,20
1260,14/07/2015,L7a,20
1261,14/07/2015,L7c,220
1262,14/07/2015,POR2,220
1263,14/07/2015,LAG,20
1264,14/07/2015,EMN1,20
1265,14/07/2015,EMN2,820
1266,15/07/2015,L5,220
1267,14/07/2015,L8,20
1268,15/07/2015,FAR1,20
1269,15/07/2015,FAR2,220
1270,15/07/2015,OLH2,420
1271,15/07/2015,OLH3,20
1272,15/07/2015,OLH4,20
1273,15/07/2015,OLH5,20
1274,15/07/2015,L3,2420
1275,15/07/2015,ESD1,20
1276,15/07/2015,ESD2,20
1277,15/07/2015,ESD1,20
1278,15/07/2015,L6,20
1279,15/07/2015,L6,220
1280,17/07/2015,L5,820
1281,17/07/2015,ETJ,820
1282,20/07/2015,LAL,420
1283,20/07/2015,L5,12020
1284,20/07/2015,ETJ,1220
1285,20/07/2015,RIAV1/L3,4420
1286,20/07/2015,RIAV2,420
1287,20/07/2015,RIAV3,20
1288,20/07/2015,RIAV4,20
1289,20/07/2015,L3,820
1290,20/07/2015,RIAV1,20
1291,20/07/2015,L8,20
1292,20/07/2015,TAV2,420
1293,20/07/2015,VT1,20
1294,20/07/2015,OLH3,20
1295,20/07/2015,L8,220
1296,20/07/2015,L1,20
1297,20/07/2015,L2,20
1298,20/07/2015,L2,820
1299,20/07/2015,L1,1220
1300,21/07/2015,L5,22020
1301,21/07/2015,LOB,20
1302,21/07/2015,ETJ,20
1303,20/07/2015,L7c,20
1304,21/07/2015,L6,20
1305,21/07/2015,L6,20
1306,21/07/2015,ESD2,20
1307,21/07/2015,ESD1,20
1308,21/07/2015,FAR1,20
1309,21/07/2015,POR2,20
1310,21/07/2015,LAG,20
1311,21/07/2015,L7c,220
1312,21/07/2015,L7a,220
1313,21/07/2015,L1,20
1314,21/07/2015,EMI,20
1315,21/07/2015,ELM,12020
1316,21/07/2015,EMN2,1620
1317,21/07/2015,RIAV3,20
1318,21/07/2015,EMI,20
1319,21/07/2015,EMN1,7620
1320,21/07/2015,OLH5,20
1321,22/07/2015,L8,1420
1322,22/07/2015,FAR2,20
1323,22/07/2015,L9,12020
1324,22/07/2015,FUZ1,420
1325,22/07/2015,OLH1,220
1326,22/07/2015,OLH2,20
1327,24/07/2015,L5,220
1328,23/07/2015,L3,1420
1329,27/07/2015,LAL,1220
1330,27/07/2015,L5,1220
1331,27/07/2015,ETJ,20
1332,27/07/2015,ETJ,20
1333,27/07/2015,L3,820
1334,27/07/2015,RIAV1,1220
1335,27/07/2015,RIAV2,1620
1336,27/07/2015,RIAV1/L3,820
1337,27/07/2015,RIAV3,20
1338,27/07/2015,RIAV4,420
1339,27/07/2015,L7c,220
1340,28/07/2015,LOB,20
1341,27/07/2015,OLH1,20
1342,27/07/2015,OLH2,220
1343,27/07/2015,OLH5,20
1344,27/07/2015,FUZ1,420
1345,27/07/2015,TAV2,20
1346,27/07/2015,VT1,20
,27/07/2015,L9,820
1348,27/07/2015,L8,20
1349,27/07/2015,L8,820
1350,28/07/2015,EMN2,20
1351,28/07/2015,EMN1,20
1352,27/07/2015,L2,20
1353,27/07/2015,L1,20
1354,27/07/2015,L1,1420
1355,28/07/2015,L2,12020
1356,28/07/2015,L1,20
1357,28/07/2015,ELM,20
1358,28/07/2015,EMI,420
1359,28/07/2015,OLH4,20
1360,28/07/2015,POR2,20
1361,28/07/2015,L7a,20
1362,28/07/2015,LAG,20
1363,28/07/2015,L7c,20
1364,28/07/2015,L7c,20
1365,29/07/2015,L6,1220
1366,29/07/2015,ESD1,220
1367,29/07/2015,ESD2,20
1368,29/07/2015,L6,20
1369,29/07/2015,ESD1,20
1370,29/07/2015,FAR2,20
1371,29/07/2015,L8,20
1372,29/07/2015,OLH3,20
1373,29/07/2015,FAR1,20
1374,30/07/2015,L3,11820
1375,31/07/2015,L5,20
1376,03/08/2015,LAL,42020
1377,03/08/2015,L2,220
1378,03/08/2015,L1,220
1379,03/08/2015,L2,220
1380,03/08/2015,L7c,620
1381,03/08/2015,RIAV1/L3,92020
1382,03/08/2015,RIAV2,2820
1383,03/08/2015,RIAV3,1220
1384,03/08/2015,RIAV4,20
1385,03/08/2015,RIAV1,20
1386,03/08/2015,L3,12020
1387,03/08/2015,OLH5,20
1388,03/08/2015,L8,20
1389,03/08/2015,FUZ1,1420
1390,03/08/2015,TAV2,1220
1391,03/08/2015,VT1,20
1392,03/08/2015,L9,12020
1393,03/08/2015,L8,220
1394,04/08/2015,LOB,20
1395,04/08/2015,L5,20
1396,04/08/2015,L6,20
1397,04/08/2015,ESD1,20
1398,04/08/2015,L6,20
1399,04/08/2015,ESD2,20
1400,04/08/2015,ESD1,20
1401,04/08/2015,L1,20
1402,04/08/2015,EMI,20
1403,04/08/2015,ELM,20
1404,04/08/2015,EMN1,2420
1405,04/08/2015,EMN2,420
1406,04/08/2015,OLH1,20
1407,04/08/2015,OLH2,20
1408,04/08/2015,OLH3,20
1409,04/08/2015,FAR1,20
1410,04/08/2015,POR2,20
1411,04/08/2015,LAG,20
1412,04/08/2015,L7a,20
1413,04/08/2015,L7c,20
1414,04/08/2015,L7c,20
1415,05/08/2015,L5,1620
1416,05/08/2015,ETJ,420
1417,05/08/2015,L8,20
1418,05/08/2015,FAR2,20
1419,05/08/2015,OLH4,20
1420,06/08/2015,L2,420
1421,06/08/2015,RIAV3,20
1422,06/08/2015,L3,42020
1423,07/08/2015,L5,12020
1424,10/08/2015,ETJ,32020
1425,10/08/2015,L5,3220
1426,10/08/2015,LAL,20
1427,11/08/2015,LOB,20
1428,10/08/2015,RIAV1/L3,1220
1429,10/08/2015,RIAV2,620
1430,10/08/2015,RIAV3,420
1431,10/08/2015,RIAV4,20
1432,10/08/2015,RIAV1,1620
1433,10/08/2015,L3,2420
1434,10/08/2015,L8,20
1435,10/08/2015,OLH5,620
1436,10/08/2015,L7c,1620
1437,10/08/2015,EMN2,420
1438,10/08/2015,EMN1,420
1439,11/08/2015,L6,20
1440,11/08/2015,ESD1,20
1441,11/08/2015,ESD1,20
1442,11/08/2015,ESD2,20
1443,11/08/2015,L6,620
1444,10/08/2015,FUZ1,420
1445,10/08/2015,TAV2,20
1446,10/08/2015,VT1,20
1447,10/08/2015,L9,420
1448,11/08/2015,L2,12020
1449,10/08/2015,L1,20
1450,10/08/2015,L2,20
1451,11/08/2015,EMI,20
1452,11/08/2015,L1,20
1453,11/08/2015,ELM,20
1454,11/08/2015,L1,20
1455,12/08/2015,L5,5220
1456,11/08/2015,POR2,420
1457,11/08/2015,L7c,4220
1458,11/08/2015,L8,20
1459,11/08/2015,OLH4,20
1460,12/08/2015,OLH1,20
1461,12/08/2015,OLH2,620
1462,12/08/2015,OLH3,20
1463,10/08/2015,L8,220
1464,12/08/2015,FAR1,20
1465,11/08/2015,LAG,20
1466,11/08/2015,L7a,220
1467,13/08/2015,L3,6420
1468,17/08/2015,LAL,3620
1469,17/08/2015,EMR,420
1470,17/08/2015,RIAV3,820
1471,17/08/2015,RIAV1/L3,72020
1472,17/08/2015,RIAV1,420
1473,17/08/2015,RIAV2,1620
1474,17/08/2015,RIAV4,20
1475,17/08/2015,L3,4420
1476,17/08/2015,FUZ1,220
1477,17/08/2015,TAV2,20
1478,17/08/2015,VT1,20
1479,17/08/2015,L8,20
1480,17/08/2015,L9,220
1481,17/08/2015,L8,20
1482,18/08/2015,LOB,20
1483,18/08/2015,L5,420
1484,18/08/2015,L5,72020
1485,18/08/2015,L6,620
1486,18/08/2015,L6,20
1487,18/08/2015,ESD2,20
1488,18/08/2015,ESD1,220
1489,18/08/2015,ESD1,20
1490,18/08/2015,L2,820
1491,18/08/2015,EMI,20
1492,18/08/2015,ELM,20
1493,18/08/2015,L1,20
1494,17/08/2015,L2,420
1495,17/08/2015,L1,20
1496,18/08/2015,EMN2,1220
1497,18/08/2015,EMN1,7220
1498,18/08/2015,L7c,20
1499,18/08/2015,L7a,220
1500,18/08/2015,LAG,20
1501,18/08/2015,POR2,420
1502,17/08/2015,OLH5,620
1503,19/08/2015,ETJ,220
1504,19/08/2015,L5,420
1505,19/08/2015,FAR1,20
1506,19/08/2015,OLH3,20
1507,19/08/2015,L8,20
1508,19/08/2015,OLH2,20
1509,19/08/2015,OLH1,20
1510,19/08/2015,L3,9620
1511,20/08/2015,OLH4,220
1512,21/08/2015,L2,1220
1513,24/08/2015,L7c,220
1514,24/08/2015,RIAV1,420
1515,24/08/2015,RIAV1/L3,6620
1516,24/08/2015,RIAV2,1220
1517,24/08/2015,RIAV3,1620
1518,24/08/2015,RIAV4,20
1519,24/08/2015,L3,222020
1520,25/08/2015,LOB,20
1521,25/08/2015,L5,3220
1522,24/08/2015,L8,20
1523,24/08/2015,L8,1202020
1524,24/08/2015,OLH5,620
1525,24/08/2015,L9,6420
1526,24/08/2015,VT1,20
1527,24/08/2015,TAV2,20
1528,24/08/2015,FUZ1,620
1529,25/08/2015,ESD1,420
1530,25/08/2015,L6,22020
1531,25/08/2015,L6,820
1532,25/08/2015,ESD1,20
1533,25/08/2015,ESD2,20
1534,25/08/2015,EMN1,20
1535,25/08/2015,EMN2,20
1536,25/08/2015,LAG,420
1537,25/08/2015,POR2,20
1538,25/08/2015,OLH4,20
1539,25/08/2015,L7c,12020
1540,26/08/2015,ETJ,5420
1541,26/08/2015,L5,1820
1542,26/08/2015,OLH1,20
1543,26/08/2015,OLH2,20
1544,26/08/2015,OLH3,20
1545,26/08/2015,FAR2,20
1546,26/08/2015,L8,2820
1547,26/08/2015,FAR1,20
1548,26/08/2015,L1,220
1549,26/08/2015,ELM,1620
1550,26/08/2015,EMI,1620
1551,25/08/2015,L1,12020
1552,26/08/2015,L2,20
1553,26/08/2015,LAL,820
1554,31/08/2015,ETJ,20
1555,31/08/2015,LAL,3620
1556,31/08/2015,L5,9420
1557,31/08/2015,ETJ,20
1558,31/08/2015,OLH5,2220
1559,31/08/2015,L8,49220
1560,31/08/2015,OLH1,2420
1561,31/08/2015,FUZ1,4420
1562,31/08/2015,VT1,220
1563,31/08/2015,L9,1420
1564,31/08/2015,L8,20
1565,31/08/2015,TAV2,3620
1566,31/08/2015,L3,3620
1567,31/08/2015,RIAV1,3620
1568,31/08/2015,RIAV1/L3,82020
1569,31/08/2015,RIAV2,4820
1570,31/08/2015,RIAV3,62020
1571,31/08/2015,RIAV4,20
1574,31/08/2015,L7c,6620
1575,01/09/2015,L6,20
1576,01/09/2015,ESD1,20
1577,01/09/2015,L6,420
1578,01/09/2015,ESD2,20
1579,01/09/2015,ESD1,352020
1580,01/09/2015,L2,20
1581,01/09/2015,L1,20
1582,01/09/2015,ELM,5420
1583,01/09/2015,EMI,20
1584,31/08/2015,L2,420
1585,31/08/2015,L1,820
1586,01/09/2015,EMN2,20
1587,01/09/2015,EMN1,42020
1588,01/09/2015,L1,120620
1589,02/09/2015,L7c,420
1590,01/09/2015,L8,1220
1591,01/09/2015,POR2,420
1592,01/09/2015,LAG,1220
1593,01/09/2015,L7a,220
1594,02/09/2015,ETJ,3820
1595,02/09/2015,L5,1620
1596,03/09/2015,L3,820
1597,02/09/2015,OLH3,220
1598,02/09/2015,OLH2,1620
1599,02/09/2015,FAR2,3220
1600,02/09/2015,FAR1,20
1601,07/09/2015,LAL,3220
1602,07/09/2015,ETJ,15220
1603,07/09/2015,L5,1420
1604,07/09/2015,L8,620
1605,07/09/2015,L8,22020
1606,04/09/2015,OLH4,420
1607,07/09/2015,L7c,2820
1608,07/09/2015,L2,20
1609,07/09/2015,L1,20
1610,07/09/2015,L1,20
1611,07/09/2015,L2,220
1612,07/09/2015,L9,20
1613,07/09/2015,VT1,20
1614,07/09/2015,TAV2,12020
1615,07/09/2015,FUZ1,620
1616,07/09/2015,RIAV1/L3,20
1617,07/09/2015,OLH2,220
1618,07/09/2015,OLH1,3420
1619,07/09/2015,RIAV2,820
1620,07/09/2015,RIAV3,420
1621,07/09/2015,RIAV4,20
1622,07/09/2015,L3,20
1623,07/09/2015,L5,1420
1624,08/09/2015,LOB,20
1625,08/09/2015,L5,620
1626,08/09/2015,EMI,420
1627,08/09/2015,L1,20
1628,08/09/2015,ELM,20
1629,08/09/2015,EMN2,2420
1630,08/09/2015,EMN1,2420
1631,08/09/2015,RIAV1,62020
1632,09/09/2015,L5,4220
1633,08/09/2015,OLH5,1220
1634,08/09/2015,L7c,220
1635,08/09/2015,L7c,1620
1636,08/09/2015,POR2,462020
1637,08/09/2015,LAG,620
1638,09/09/2015,OLH3,20
1639,09/09/2015,OLH4,20
1640,09/09/2015,L8,20
1641,09/09/2015,FAR1,20
1642,09/09/2015,L3,1220
1643,14/09/2015,LAL,33220
1644,14/09/2015,L1,220
1645,14/09/2015,EMI,20
1646,14/09/2015,ELM,820
1647,14/09/2015,L7c,20
1648,14/09/2015,RIAV1/L3,4220
1649,14/09/2015,RIAV2,22020
1650,14/09/2015,RIAV3,20
1651,14/09/2015,RIAV4,20
1652,14/09/2015,L3,62020
1653,14/09/2015,RIAV1,20
1654,15/09/2015,LOB,20
1655,15/09/2015,L5,12020
1656,14/09/2015,OLH3,20
1657,14/09/2015,OLH2,420
1658,14/09/2015,OLH1,20
1659,14/09/2015,FUZ1,20
1660,14/09/2015,TAV2,420
1661,14/09/2015,VT1,20
1662,14/09/2015,L9,12020
1663,14/09/2015,L8,22020
1664,14/09/2015,L8,620
1665,15/09/2015,L2,3620
1666,15/09/2015,L5,12020
1667,15/09/2015,ESD1,620
1668,15/09/2015,L6,1202020
1669,15/09/2015,ESD1,20
1670,15/09/2015,ESD2,20
1671,15/09/2015,L6,22020
1672,15/09/2015,EMN1,20
1673,15/09/2015,EMN2,20
1674,15/09/2015,POR2,1820
1675,15/09/2015,LAG,2820
1676,15/09/2015,L7c,620
1677,15/09/2015,L7a,420
1678,15/09/2015,OLH5,20
1679,16/09/2015,L1,20
1680,16/09/2015,L2,1220
1681,16/09/2015,ETJ,2420
1682,16/09/2015,FAR1,220
1683,16/09/2015,L8,820
1684,17/09/2015,EMR,820
1685,18/09/2015,L3,22620
1686,21/09/2015,L7c,8820
1687,21/09/2015,EMN1,820
1688,21/09/2015,EMN2,20
1689,22/09/2015,L5,20
1690,22/09/2015,LOB,20
1691,21/09/2015,L5,220
1692,21/09/2015,TAV2,620
1693,21/09/2015,VT1,20
1694,21/09/2015,L9,220
1695,21/09/2015,L8,820
1696,22/09/2015,L6,1820
1697,22/09/2015,L6,620
1698,22/09/2015,ESD1,820
1699,21/09/2015,L2,20
1700,21/09/2015,L1,420
1701,22/09/2015,ELM,20
1702,22/09/2015,EMI,20
1703,22/09/2015,L1,20
1704,22/09/2015,L2,2220
1705,22/09/2015,RIAV1/L3,2420
1706,22/09/2015,RIAV2,20
1707,22/09/2015,RIAV3,20
1708,22/09/2015,RIAV4,20
1709,22/09/2015,RIAV1,20
1710,22/09/2015,L3,20
1711,23/09/2015,L5,7420
1712,23/09/2015,ETJ,32020
1713,23/09/2015,LAL,15220
1714,22/09/2015,L8,4820
1715,22/09/2015,OLH5,2220
1716,22/09/2015,POR2,220
1717,22/09/2015,L7c,7420
1718,22/09/2015,L7a,1820
1719,22/09/2015,LAG,220
1720,23/09/2015,FUZ1,1420
1721,23/09/2015,L8,2420
1722,23/09/2015,OLH3,20
1723,23/09/2015,OLH2,12020
1724,23/09/2015,FAR2,220
1725,23/09/2015,FAR1,420
1726,23/09/2015,OLH1,20
1727,24/09/2015,L5,1820
1728,28/09/2015,ETJ,20
1729,28/09/2015,RIAV1/L3,1620
1730,28/09/2015,RIAV2,20
1731,28/09/2015,RIAV3,1220
1732,28/09/2015,RIAV4,20
1733,28/09/2015,L3,20
1734,28/09/2015,RIAV1,20
1735,28/09/2015,L7c,19820
1736,28/09/2015,OLH1,1820
1737,28/09/2015,FUZ1,32020
1738,28/09/2015,TAV2,1420
1739,28/09/2015,VT1,22020
1740,28/09/2015,OLH5,12020
1741,28/09/2015,L8,6620
1742,28/09/2015,L9,2420
1743,28/09/2015,L8,82020
1744,29/09/2015,L5,1220
1745,29/09/2015,LOB,20
1746,29/09/2015,OLH4,20
1747,29/09/2015,POR2,17820
1748,29/09/2015,LAG,21620
1749,29/09/2015,L7c,3220
1750,29/09/2015,L7a,1620
1751,29/09/2015,ESD1,20
1752,29/09/2015,ESD1,20
1753,29/09/2015,ESD2,20
1754,29/09/2015,L6,13420
1755,29/09/2015,L6,20
1756,29/09/2015,ELM,1220
1757,29/09/2015,EMI,20
1758,29/09/2015,L1,20
1759,28/09/2015,L2,20
1760,28/09/2015,L1,20
1761,30/09/2015,L2,220
1762,25/09/2015,L3,20
1763,30/09/2015,L5,15820
1764,29/09/2015,EMN1,20
1765,29/09/2015,EMN2,820
1766,29/09/2015,RIAV3,420
1767,30/09/2015,ETJ,1620
1768,30/09/2015,L5,4820
1769,30/09/2015,FAR1,220
1770,30/09/2015,OLH3,420
1771,30/09/2015,FAR2,20
1772,30/09/2015,L8,620
1773,30/09/2015,OLH2,20
1774,01/10/2015,L3,620
1775,05/10/2015,LAL,8820
1776,05/10/2015,RIAV1/L3,220
1777,05/10/2015,RIAV2,420
1778,05/10/2015,RIAV3,20
1779,05/10/2015,RIAV4,420
1780,05/10/2015,L3,1220
1781,05/10/2015,RIAV1,20
1782,06/10/2015,L5,820
1783,06/10/2015,L5,2620
1784,06/10/2015,LOB,20
1785,05/10/2015,L9,220
1786,05/10/2015,L8,20
1787,05/10/2015,OLH5,220
1788,06/10/2015,L6,220
1789,06/10/2015,L6,1420
1790,06/10/2015,ESD1,420
1791,06/10/2015,ESD1,20
1792,05/10/2015,L2,420
1793,06/10/2015,ELM,20
1794,05/10/2015,L1,20
1795,06/10/2015,L1,20
1796,06/10/2015,EMI,20
1797,06/10/2015,EMN1,420
1798,06/10/2015,EMN2,1620
1799,06/10/2015,POR2,2202020
1800,06/10/2015,LAG,1220
1801,06/10/2015,L7a,22020
1802,06/10/2015,L7c,26820
1803,06/10/2015,L8,2620
1804,07/10/2015,ETJ,1620
1805,07/10/2015,L5,19820
1806,07/10/2015,FAR1,20
1807,07/10/2015,OLH3,20
1808,07/10/2015,OLH2,220
1809,07/10/2015,OLH1,20
1810,07/10/2015,FUZ1,420
1811,07/10/2015,TAV2,20
1812,07/10/2015,VT1,20
1813,07/10/2015,L8,1820
1814,07/10/2015,FAR2,20
1815,07/10/2015,L7c,4420
1819,12/10/2015,L7c,1220
1820,12/10/2015,RIAV1/L3,420
1821,12/10/2015,RIAV2,820
1822,12/10/2015,RIAV3,20
1823,12/10/2015,RIAV4,20
1824,12/10/2015,L3,20
1825,12/10/2015,RIAV1,420
1826,13/10/2015,L5,1220
1827,13/10/2015,LOB,20
1828,12/10/2015,L8,1620
1829,12/10/2015,OLH5,20
1830,12/10/2015,OLH2,20
1831,12/10/2015,OLH1,20
1832,12/10/2015,FUZ1,620
1833,12/10/2015,L9,420
1834,12/10/2015,TAV2,1220
1835,12/10/2015,VT1,20
1836,13/10/2015,L5,5220
1837,13/10/2015,L6,2820
1838,13/10/2015,ESD1,20
1839,13/10/2015,L6,220
1840,13/10/2015,ESD1,420
1841,13/10/2015,ESD2,20
1842,13/10/2015,EMI,20
1843,13/10/2015,ELM,420
1844,13/10/2015,L2,20
1845,13/10/2015,L1,20
1846,12/10/2015,L2,20
1847,12/10/2015,L1,20
1848,12/10/2015,RIAV3,20
1849,13/10/2015,EMN1,20
1850,13/10/2015,EMN2,20
1851,13/10/2015,L7a,3420
1852,13/10/2015,L7c,20
1853,13/10/2015,LAG,420
1854,13/10/2015,POR2,82020
1855,14/10/2015,L5,3220
1856,14/10/2015,ETJ,7620
1857,15/10/2015,L3,2220
1858,14/10/2015,FAR2,420
1859,14/10/2015,FAR1,20
1860,14/10/2015,L8,220
1861,14/10/2015,OLH3,20
1862,15/10/2015,EMR,20
1863,19/10/2015,L5,5220
1864,19/10/2015,ETJ,5420
1865,20/10/2015,LAL,820
1866,20/10/2015,L5,220
1867,20/10/2015,LOB,20
1868,19/10/2015,L8,220
1869,20/10/2015,EMN2,20
1871,19/10/2015,RIAV1/L3,220
1872,19/10/2015,RIAV2,20
1873,19/10/2015,RIAV3,20
1874,19/10/2015,RIAV4,20
1875,19/10/2015,L3,20
1876,19/10/2015,RIAV1,20
1877,20/10/2015,OLH5,20
1878,20/10/2015,L7a,20
1879,20/10/2015,L7c,1820
1880,20/10/2015,LAG,820
1881,20/10/2015,POR2,1620
1882,19/10/2015,L1,220
1883,19/10/2015,ELM,20
1884,20/10/2015,L2,20
1885,20/10/2015,L1,20
1886,21/10/2015,L2,2220
1887,21/10/2015,L1,220
1888,19/10/2015,EMI,20
1889,21/10/2015,L6,12020
1890,21/10/2015,ESD1,20
1891,21/10/2015,L6,20
1892,21/10/2015,ESD1,20
1893,22/10/2015,LAL,20
1894,22/10/2015,L5,1420
1895,22/10/2015,L3,1820
1896,21/10/2015,OLH3,20
1897,21/10/2015,OLH2,20
1898,21/10/2015,OLH1,220
1899,21/10/2015,FUZ1,4420
1900,21/10/2015,TAV2,20
1901,21/10/2015,VT1,220
1902,21/10/2015,L9,12020
1903,21/10/2015,FAR1,20
1904,21/10/2015,L8,20
1905,21/10/2015,FAR2,20
1906,22/10/2015,EMR,22020
1907,23/10/2015,L7c,2220
1908,26/10/2015,LAL,20
1909,26/10/2015,ETJ,20
1910,26/10/2015,L5,220
1911,26/10/2015,ETJ,220
1912,26/10/2015,L5,23420
1913,27/10/2015,L5,3820
1914,27/10/2015,LOB,20
1915,26/10/2015,RIAV1/L3,820
1916,26/10/2015,RIAV2,420
1917,26/10/2015,RIAV3,420
1918,26/10/2015,RIAV4,20
1919,26/10/2015,L3,420
1920,26/10/2015,RIAV1,420
1921,26/10/2015,L9,220
1922,26/10/2015,TAV2,820
1923,26/10/2015,L7c,1620
1924,26/10/2015,L8,3620
1925,26/10/2015,VT1,220
1926,26/10/2015,FUZ1,420
1927,26/10/2015,OLH1,20
1928,26/10/2015,OLH2,20
1929,26/10/2015,OLH3,20
1930,26/10/2015,OLH5,20
1931,27/10/2015,L6,420
1932,27/10/2015,L6,20
1933,27/10/2015,ESD2,20
1934,27/10/2015,ESD1,20
1935,27/10/2015,ESD1,20
1936,27/10/2015,EMN1,420
1937,27/10/2015,EMN2,20
1938,26/10/2015,L2,182020
1939,26/10/2015,L2,820
1940,27/10/2015,ELM,22020
1941,27/10/2015,EMI,20
1942,27/10/2015,L1,420
1943,26/10/2015,L1,20
1944,28/10/2015,L5,20
1945,27/10/2015,POR2,22020
1946,27/10/2015,L7c,220
1947,27/10/2015,LAG,220
1948,27/10/2015,L8,220
1949,27/10/2015,L7a,20
1950,28/10/2015,FAR1,20
1951,28/10/2015,FAR2,620
1952,28/10/2015,L8,220
1953,29/10/2015,EMR,20
1954,02/11/2015,LAL,20
1955,02/11/2015,L5,620
1956,02/11/2015,ETJ,20
1957,03/11/2015,L5,420
1958,03/11/2015,LOB,20
1959,02/11/2015,OLH5,20
1960,02/11/2015,POR2,20
1961,02/11/2015,LAG,20
1962,02/11/2015,L7a,20
1963,02/11/2015,L7c,20
1964,03/11/2015,L2,220
1965,03/11/2015,L8,20
1966,03/11/2015,L2,5220
1967,02/11/2015,ELM,20
1968,02/11/2015,EMI,20
1969,02/11/2015,L1,220
1970,03/11/2015,L1,20
1971,02/11/2015,RIAV1/L3,20
1972,02/11/2015,RIAV2,1220
1973,02/11/2015,RIAV3,20
1974,03/11/2015,EMN1,1220
1975,03/11/2015,EMN2,20
1976,02/11/2015,L3,20
1977,02/11/2015,RIAV4,20
1978,02/11/2015,RIAV1,20
1979,04/11/2015,ESD1,20
1980,04/11/2015,L6,220
1981,04/11/2015,L6,20
1982,04/11/2015,OLH1,20
1983,04/11/2015,OLH2,20
1984,04/11/2015,OLH3,20
1985,04/11/2015,FUZ1,20
1986,04/11/2015,L8,20
1987,04/11/2015,L9,20
1988,04/11/2015,TAV2,420
1989,04/11/2015,FAR2,20
1990,04/11/2015,FAR1,20
1991,04/11/2015,VT1,20
1992,05/11/2015,L5,20
1993,09/11/2015,LAL,20
1994,09/11/2015,L9,20
1995,10/11/2015,L5,420
1996,09/11/2015,FUZ1,4420
1997,09/11/2015,VT1,20
1998,09/11/2015,TAV2,20
1999,09/11/2015,RIAV1,3220
2000,09/11/2015,RIAV2,42020
2001,09/11/2015,RIAV3,220
2002,09/11/2015,RIAV4,20
2003,09/11/2015,L3,20
2004,09/11/2015,RIAV1/L3,7220
2005,09/11/2015,L1,1620
2006,09/11/2015,L2,7420
2007,10/11/2015,L2,820
2008,10/11/2015,L1,20
2009,10/11/2015,ELM,20
2010,10/11/2015,EMI,20
2011,10/11/2015,L7c,1820
2012,10/11/2015,EMN1,20
2013,10/11/2015,EMN2,20
2014,10/11/2015,POR2,420
2015,10/11/2015,L7a,20
2016,10/11/2015,OLH5,220
2017,10/11/2015,LAG,2620
2018,10/11/2015,L7c,20
2019,10/11/2015,OLH4,20
2020,11/11/2015,L6,20
2021,11/11/2015,ESD1,20
2022,11/11/2015,ESD1,20
2023,11/11/2015,ESD2,20
2024,11/11/2015,L6,620
2025,11/11/2015,L3,11420
2026,12/11/2015,L5,220
2027,12/11/2015,ETJ,20
2028,12/11/2015,L5,20
2029,11/11/2015,L8,20
2030,11/11/2015,OLH1,220
2031,11/11/2015,OLH2,820
2032,11/11/2015,OLH3,20
2033,11/11/2015,FAR1,220
2034,11/11/2015,L8,420
2035,11/11/2015,FAR2,20
2036,09/11/2015,L8,1420
2037,16/11/2015,LAL,20
2038,16/11/2015,L5,12020
2039,16/11/2015,ETJ,20
2040,16/11/2015,EMR,20
2041,16/11/2015,L7c,220
2042,17/11/2015,L5,20
2043,17/11/2015,LOB,20
2044,16/11/2015,VT1,220
2045,16/11/2015,TAV2,32020
2046,16/11/2015,L9,12020
2047,16/11/2015,L8,12020
2048,16/11/2015,FUZ1,220
2049,17/11/2015,L5,20
2050,17/11/2015,L6,20
2051,17/11/2015,ESD1,420
2052,17/11/2015,L6,3820
2053,17/11/2015,ESD1,20
2054,17/11/2015,ESD2,20
2055,17/11/2015,L2,4220
2056,16/11/2015,L2,620
2057,16/11/2015,L1,20
2058,17/11/2015,L8,620
2059,17/11/2015,POR2,4220
2060,17/11/2015,LAG,20
2061,17/11/2015,OLH5,20
2062,17/11/2015,L7a,20
2063,17/11/2015,L7c,20
2064,18/11/2015,L1,20
2065,18/11/2015,ELM,20
2066,18/11/2015,EMI,20
2067,18/11/2015,FAR1,20
2068,19/11/2015,OLH2,1420
2069,19/11/2015,OLH1,220
2070,19/11/2015,OLH3,20
2071,18/11/2015,FAR2,20
2072,19/11/2015,OLH4,20
2073,18/11/2015,L8,1220
2074,18/11/2015,RIAV3,20
2075,18/11/2015,RIAV2,420
2076,18/11/2015,RIAV1,220
2077,18/11/2015,L3,420
2078,18/11/2015,RIAV4,20
2079,18/11/2015,RIAV1/L3,220
2080,23/11/2015,LAL,20
2081,23/11/2015,ETJ,20
2082,23/11/2015,L5,20
2083,23/11/2015,L7c,20
2084,24/11/2015,L5,20
2085,23/11/2015,RIAV1/L3,620
2086,23/11/2015,L3,420
2087,23/11/2015,RIAV2,220
2088,23/11/2015,RIAV3,20
2089,23/11/2015,RIAV4,20
2090,23/11/2015,RIAV1,20
2091,23/11/2015,RIAV3,12020
2092,24/11/2015,LOB,20
2093,24/11/2015,L6,220
2094,24/11/2015,ESD1,20
2095,24/11/2015,ESD1,20
2096,24/11/2015,ESD2,20
2097,24/11/2015,L6,20
2098,24/11/2015,EMI,20
2099,24/11/2015,L2,820
2100,24/11/2015,EMN1,420
2101,24/11/2015,EMN2,20
2102,25/11/2015,L5,20
2103,24/11/2015,POR2,20
2104,24/11/2015,L8,122020
2105,23/11/2015,VT1,20
2106,23/11/2015,TAV2,20
2107,23/11/2015,FUZ1,820
2108,24/11/2015,OLH5,20
2109,23/11/2015,OLH1,220
2110,23/11/2015,OLH2,420
2111,24/11/2015,L7c,20
2112,24/11/2015,L7a,20
2113,24/11/2015,LAG,220
2114,23/11/2015,L9,820
2115,25/11/2015,L1,20
2116,25/11/2015,ELM,20
2117,25/11/2015,L1,20
2118,25/11/2015,FAR2,20
2119,25/11/2015,FAR1,1620
2120,25/11/2015,OLH3,420
2121,25/11/2015,L8,620
2122,25/11/2015,L8,1220
2123,30/11/2015,LAL,20
2124,30/11/2015,ETJ,20
2125,29/11/2015,L7c,220
2126,30/11/2015,L8,20
2127,30/11/2015,OLH3,20
2128,30/11/2015,OLH2,1220
2129,30/11/2015,OLH1,20
2130,30/11/2015,FUZ1,620
2131,30/11/2015,TAV2,620
2132,30/11/2015,VT1,220
2133,30/11/2015,L9,20
2134,30/11/2015,L5,20
2135,30/11/2015,ETJ,20
2136,30/11/2015,L3,220
2137,30/11/2015,RIAV1,20
2138,30/11/2015,RIAV1/L3,20
2139,30/11/2015,RIAV2,20
2140,30/11/2015,RIAV3,20
2141,30/11/2015,RIAV4,20
2142,01/12/2015,L5,20
2143,01/12/2015,LOB,20
2144,01/12/2015,L5,20
2145,01/12/2015,ESD1,20
2146,01/12/2015,ESD2,20
2147,01/12/2015,ESD1,20
2148,01/12/2015,L6,220
2149,01/12/2015,L6,220
2150,01/12/2015,POR2,20
2151,01/12/2015,LAG,20
2152,01/12/2015,L7c,20
2153,01/12/2015,L1,20
2154,30/11/2015,L1,20
2155,30/11/2015,L2,20
2156,01/12/2015,EMI,20
2157,01/12/2015,ELM,20
2158,01/12/2015,EMN2,20
2159,01/12/2015,EMN1,420
2160,02/12/2015,L3,820
2161,02/12/2015,L8,620
2162,02/12/2015,OLH5,20
2163,02/12/2015,FAR2,420
2164,02/12/2015,FAR1,1220
2165,02/12/2015,L8,13220
2166,07/12/2015,LAL,20
2167,07/12/2015,L5,20
2168,07/12/2015,ETJ,20
2169,09/12/2015,L5,20
2170,09/12/2015,LOB,20
2171,09/12/2015,L5,20
2172,09/12/2015,ESD2,20
2173,09/12/2015,L6,20
2174,09/12/2015,L6,20
2175,09/12/2015,ESD1,20
2176,09/12/2015,ESD1,20
2177,07/12/2015,L1,20
2178,07/12/2015,L2,20
2179,09/12/2015,ELM,20
2180,09/12/2015,L1,20
2181,09/12/2015,EMI,20
2182,09/12/2015,L7c,22020
2183,07/12/2015,RIAV1/L3,20
2184,07/12/2015,RIAV2,20
2185,09/12/2015,RIAV1,20
2186,07/12/2015,RIAV3,20
2187,07/12/2015,RIAV4,20
2188,09/12/2015,L3,420
2189,09/12/2015,EMN1,20
2190,09/12/2015,EMN2,20
2191,09/12/2015,L9,20
2192,09/12/2015,VT1,20
2193,09/12/2015,TAV2,20
2194,09/12/2015,FUZ1,220
2195,09/12/2015,OLH1,20
2196,09/12/2015,OLH2,220
2197,09/12/2015,OLH3,20
2198,09/12/2015,FAR1,20
2199,09/12/2015,FAR2,20
2200,09/12/2015,L8,20
2201,09/12/2015,OLH5,20
2202,14/12/2015,LAL,20
2203,14/12/2015,L1,20
2204,14/12/2015,EMI,20
2205,14/12/2015,ELM,20
2206,15/12/2015,L5,20
2207,15/12/2015,LOB,20
2208,14/12/2015,RIAV1/L3,20
2209,14/12/2015,RIAV2,20
2210,14/12/2015,RIAV3,20
2211,14/12/2015,RIAV4,20
2212,14/12/2015,RIAV1,20
2213,14/12/2015,L3,20
2214,14/12/2015,RIAV3,20
2215,15/12/2015,L5,20
2216,15/12/2015,L6,20
2217,15/12/2015,ESD1,20
2218,15/12/2015,ESD1,20
2219,15/12/2015,ESD2,20
2220,15/12/2015,L6,20
2221,15/12/2015,EMN2,20
2222,15/12/2015,EMN1,20
2223,16/12/2015,ETJ,20
2224,16/12/2015,OLH1,20
2225,15/12/2015,L7c,20
2226,14/12/2015,TAV2,820
2227,14/12/2015,OLH3,220
2228,14/12/2015,L9,220
2229,15/12/2015,LAG,20
2230,14/12/2015,FUZ1,20
2231,14/12/2015,VT1,20
2232,14/12/2015,OLH2,20
2233,15/12/2015,POR2,20
2234,15/12/2015,L7a,20
2235,15/12/2015,FAR2,20
2236,14/12/2015,OLH5,20
2237,16/12/2015,ETJ,20
2238,16/12/2015,L5,20
2239,16/12/2015,EMR,20
2240,15/12/2015,L2,20
2241,15/12/2015,L1,20
2242,16/12/2015,FAR1,1820
2243,16/12/2015,L8,20
2244,21/12/2015,L5,20
2245,21/12/2015,ETJ,20
2246,21/12/2015,L5,20
2247,21/12/2015,L5,20
2248,21/12/2015,LOB,20
2249,21/12/2015,LAL,20
2250,21/12/2015,L6,20
2251,21/12/2015,L6,20
2252,21/12/2015,ESD2,20
2253,21/12/2015,ESD1,20
2254,21/12/2015,ESD1,20
2255,21/12/2015,L9,20
2256,21/12/2015,FUZ1,20
2257,21/12/2015,L8,20
2258,21/12/2015,L8,20
2259,21/12/2015,VT1,220
2260,21/12/2015,FAR2,20
2261,21/12/2015,OLH3,20
2262,21/12/2015,TAV2,820
2263,21/12/2015,OLH2,20
2264,21/12/2015,OLH1,20
2265,21/12/2015,RIAV1/L3,20
2266,21/12/2015,RIAV2,20
2267,21/12/2015,L3,20
2268,21/12/2015,RIAV1,20
2269,21/12/2015,RIAV4,20
2270,21/12/2015,RIAV3,20
2271,28/12/2015,ETJ,20
2272,28/12/2015,L5,20
2273,28/12/2015,POR2,20
2274,28/12/2015,L7c,20
2275,28/12/2015,LAG,20
2276,22/12/2015,OLH5,20
2277,28/12/2015,RIAV1/L3,20
2278,28/12/2015,RIAV2,20
2279,28/12/2015,RIAV3,20
2280,28/12/2015,RIAV4,20
2281,28/12/2015,RIAV1,20
2282,28/12/2015,L3,20
2283,28/12/2015,EMN1,20
2284,28/12/2015,EMN2,20
2285,27/12/2015,L1,20
2286,29/12/2015,EMI,20
2287,29/12/2015,ELM,20
2288,30/12/2015,L1,20
2289,28/12/2015,L2,20
2290,21/12/2015,L7c,20